{
    "Ar36": {
        "error": 0.0020984030793231917, 
        "fit": "Parabolic", 
        "value": 0.9450359289585308
    }, 
    "Ar37": {
        "error": 0.014550916629457084, 
        "fit": "linear", 
        "value": 32.960301310528465
    }, 
    "Ar38": {
        "error": 0.020882760941057118, 
        "fit": "linear", 
        "value": 1.2831862355993153
    }, 
    "Ar39": {
        "error": 0.029374684420562035, 
        "fit": "Parabolic", 
        "value": 64.40987479722568
    }, 
    "Ar40": {
        "error": 0.10258683830076698, 
        "fit": "Parabolic", 
        "value": 1358.5741335403227
    }
}