{
    "AX": {
        "error": 0.024411756159939468, 
        "fit": "average", 
        "value": -0.2775115838585402
    }, 
    "H1": {
        "error": 0.013040047140272572, 
        "fit": "average", 
        "value": 0.05705407346791893
    }, 
    "H2": {
        "error": 0.010758719785850171, 
        "fit": "average", 
        "value": -0.15641637122544788
    }, 
    "L1": {
        "error": 0.012130572093451444, 
        "fit": "average", 
        "value": -0.0310235492540773
    }, 
    "L2(CDD)": {
        "error": 5.137107826930846e-06, 
        "fit": "average", 
        "value": 1.973081868583556e-05
    }
}